ID,resname,resid,x_1,y_1,z_1
1SCL_A_1,G,1,13.760000228881836,-25.97400093078613,0.1019999980926513
1SCL_A_2,G,2,9.3100004196167,-29.63800048828125,2.6689999103546143
1SCL_A_3,G,3,5.52899980545044,-27.8129997253418,5.877999782562256
1SCL_A_4,U,4,2.677999973297119,-24.90099906921387,9.79300022125244
1SCL_A_5,G,5,1.8270000219345093,-20.13599967956543,11.79300022125244
1SCL_A_6,C,6,2.039999961853028,-14.907999992370605,11.770999908447266
1SCL_A_7,U,7,1.1069999933242798,-11.512999534606935,7.517000198364258
1SCL_A_8,C,8,2.990999937057495,-6.4060001373291025,4.7829999923706055
1SCL_A_9,A,9,0.8960000276565552,-1.1929999589920044,7.607999801635742
1SCL_A_10,G,10,0.2280000001192093,2.6459999084472656,9.128000259399414
1SCL_A_11,U,11,4.328999996185304,2.7179999351501465,4.803999900817871
1SCL_A_12,A,12,5.164999961853027,4.791999816894531,-0.9139999747276306
1SCL_A_13,C,13,2.609999895095825,9.494999885559082,-2.308000087738037
1SCL_A_14,G,14,1.1740000247955322,13.829000473022461,0.2010000050067901
1SCL_A_15,A,15,1.5800000429153442,20.114999771118164,3.759999990463257
1SCL_A_16,G,16,-1.5750000476837158,16.92799949645996,5.896999835968018
1SCL_A_17,A,17,-6.051000118255615,14.76200008392334,5.223999977111816
1SCL_A_18,G,18,-5.553999900817871,10.414999961853027,4.309000015258788
1SCL_A_19,G,19,-3.1070001125335693,6.40500020980835,2.1199998855590816
1SCL_A_20,A,20,-1.4099999666213991,3.3350000381469727,-2.6549999713897705
1SCL_A_21,A,21,1.866000056266785,-0.7160000205039978,-4.333000183105469
1SCL_A_22,C,22,3.6549999713897705,-4.443999767303467,-2.484999895095825
1SCL_A_23,C,23,5.314000129699707,-7.6560001373291025,1.1299999952316284
1SCL_A_24,G,24,7.931000232696532,-9.527999877929688,5.7810001373291025
1SCL_A_25,C,25,8.734999656677246,-12.64799976348877,10.024999618530273
1SCL_A_26,A,26,9.107999801635742,-17.29599952697754,13.020999908447266
1SCL_A_27,C,27,8.897000312805176,-22.606000900268555,14.30799961090088
1SCL_A_28,C,28,9.67300033569336,-28.33799934387207,13.291999816894533
1SCL_A_29,C,29,12.640999794006348,-30.90699958801269,9.645000457763672
1RNK_A_1,G,1,4.264999866485597,1.955000042915344,-10.866999626159668
1RNK_A_2,G,2,-0.6150000095367432,2.2309999465942383,-9.279000282287598
1RNK_A_3,C,3,-5.801000118255615,0.0160000007599592,-8.399999618530272
1RNK_A_4,G,4,-8.508999824523926,-3.91100001335144,-6.874000072479247
1RNK_A_5,C,5,-10.376999855041504,-8.090000152587889,-4.3460001945495605
1RNK_A_6,A,6,-15.161999702453613,-4.993000030517578,0.9340000152587892
1RNK_A_7,G,7,-17.687999725341797,-2.065999984741211,0.1889999955892563
1RNK_A_8,U,8,-22.23200035095215,-0.0970000028610229,7.623000144958496
1RNK_A_9,G,9,-18.481000900268555,-2.226999998092652,10.937999725341797
1RNK_A_10,G,10,-16.235000610351562,-6.064000129699707,13.248000144958494
1RNK_A_11,G,11,-14.427000045776367,-11.678999900817873,13.864999771118164
1RNK_A_12,C,12,-10.845999717712402,-15.425000190734865,10.121999740600586
1RNK_A_13,U,13,-6.977000236511231,-14.38700008392334,6.314000129699707
1RNK_A_14,A,14,-2.9219999313354488,-14.633999824523926,2.7230000495910645
1RNK_A_15,G,15,-2.282999992370605,-14.40999984741211,-2.013000011444092
1RNK_A_16,C,16,-2.9800000190734863,-12.843999862670898,-6.459000110626222
1RNK_A_17,G,17,-5.116000175476074,-10.354999542236328,-10.562999725341797
1RNK_A_18,C,18,-5.839000225067139,-5.98799991607666,-13.463000297546387
1RNK_A_19,C,19,-5.071000099182129,-1.4140000343322754,-15.100000381469727
1RNK_A_20,A,20,-2.3989999294281006,2.572000026702881,-15.293999671936035
1RNK_A_21,C,21,2.0580000877380367,4.933000087738037,-17.006000518798828
1RNK_A_22,U,22,-0.574999988079071,6.198999881744385,-23.01000022888184
1RNK_A_23,C,23,-6.727000236511231,3.2699999809265137,-23.72200012207031
1RNK_A_24,A,24,-11.220999717712402,-0.3440000116825104,-20.3439998626709
1RNK_A_25,A,25,-11.961000442504885,-4.195000171661377,-16.444999694824222
1RNK_A_26,A,26,-13.545999526977539,-8.008000373840332,-13.154999732971193
1RNK_A_27,A,27,-12.833000183105467,-11.39799976348877,-8.75100040435791
1RNK_A_28,G,28,-14.364999771118164,-13.642999649047852,-0.4930000007152557
1RNK_A_29,G,29,-17.694000244140625,-16.152999877929688,2.3510000705718994
1RNK_A_30,C,30,-19.51799964904785,-17.072999954223633,6.7210001945495605
1RNK_A_31,C,31,-20.440000534057614,-15.460000038146973,11.458999633789062
1RNK_A_32,C,32,-20.91699981689453,-11.45300006866455,15.46500015258789
1RNK_A_33,A,33,-22.506000518798828,-6.78000020980835,15.859999656677244
1RNK_A_34,U,34,-24.64699935913086,-2.5439999103546143,13.86400032043457
1RHT_A_1,G,1,9.36400032043457,-5.64300012588501,8.156000137329103
1RHT_A_2,G,2,5.1040000915527335,-8.668999671936035,7.940000057220459
1RHT_A_3,G,3,1.7280000448226929,-9.677000045776367,5.785999774932861
1RHT_A_4,A,4,-2.2899999618530282,-7.309000015258789,3.74399995803833
1RHT_A_5,C,5,-6.76800012588501,-5.326000213623047,2.5859999656677246
1RHT_A_6,U,6,-9.645999908447266,-3.2679998874664307,-1.491000056266785
1RHT_A_7,G,7,-6.810999870300293,-0.7609999775886536,-5.058000087738037
1RHT_A_8,A,8,-8.300000190734862,3.6080000400543213,-8.657999992370605
1RHT_A_9,C,9,-5.131999969482422,6.5310001373291025,-11.24899959564209
1RHT_A_10,G,10,-0.5389999747276306,8.942999839782715,-12.032999992370605
1RHT_A_11,A,11,4.4730000495910645,9.657999992370604,-13.71500015258789
1RHT_A_12,U,12,7.374000072479247,6.02400016784668,-14.503999710083008
1RHT_A_13,C,13,10.109000205993652,5.173999786376953,-11.923999786376953
1RHT_A_14,A,14,9.779000282287598,3.8959999084472656,-7.289999961853027
1RHT_A_15,C,15,6.998000144958496,6.826000213623048,-6.853000164031982
1RHT_A_16,G,16,2.941999912261963,8.47599983215332,-4.451000213623047
1RHT_A_17,C,17,-2.23799991607666,8.798999786376953,-3.463000059127808
1RHT_A_18,A,18,-6.73199987411499,6.7849998474121085,-1.6150000095367432
1RHT_A_19,G,19,-8.564000129699707,4.464000225067139,2.365000009536743
1RHT_A_20,U,20,-7.2880001068115225,0.4659999907016754,5.315999984741211
1RHT_A_21,C,21,-4.0320000648498535,-1.6920000314712524,8.494000434875487
1RHT_A_22,U,22,-1.8339999914169312,-4.441999912261963,12.517000198364258
1RHT_A_23,A,23,2.309999942779541,-6.798999786376952,13.281999588012695
1RHT_A_24,U,24,7.480000019073486,-5.0970001220703125,13.199999809265135
1HLX_A_1,G,1,-10.126999855041504,-6.5869998931884775,-7.375999927520753
1HLX_A_2,G,2,-9.418999671936037,-6.703999996185303,-1.3179999589920044
1HLX_A_3,G,3,-6.190999984741211,-6.381999969482423,3.5390000343322754
1HLX_A_4,A,4,-1.378999948501587,-5.931000232696532,5.580999851226807
1HLX_A_5,U,5,3.2639999389648438,-3.6719999313354488,5.623000144958496
1HLX_A_6,A,6,7.133999824523926,-0.2029999941587448,3.681999921798706
1HLX_A_7,A,7,8.017999649047853,3.7709999084472656,0.6830000281333923
1HLX_A_8,C,8,6.341000080108643,7.47599983215332,-2.0859999656677246
1HLX_A_9,U,9,2.73799991607666,12.123000144958494,-2.38100004196167
1HLX_A_10,U,10,1.0779999494552612,17.149999618530273,-5.763000011444093
1HLX_A_11,C,11,-1.6360000371932983,15.0,0.1410000026226043
1HLX_A_12,G,12,-5.507999897003174,14.255000114440918,-4.482999801635742
1HLX_A_13,G,13,-3.21399998664856,9.644000053405762,-3.9409999847412114
1HLX_A_14,U,14,-0.2119999974966049,5.4670000076293945,-5.375
1HLX_A_15,U,15,2.9040000438690186,1.0420000553131104,-6.492000102996826
1HLX_A_16,G,16,6.3979997634887695,-3.663000106811523,-4.431000232696533
1HLX_A_17,U,17,5.48199987411499,-8.034999847412111,-2.0350000858306885
1HLX_A_18,C,18,2.056999921798706,-11.770000457763672,0.152999997138977
1HLX_A_19,C,19,-2.4809999465942383,-13.713000297546387,0.5889999866485596
1HLX_A_20,C,20,-7.853000164031982,-13.854999542236328,-0.5820000171661377
1HMH_E_1,G,1,17.235000610351562,25.27300071716309,45.17200088500977
1HMH_E_2,G,2,12.748000144958494,25.15200042724609,41.83300018310547
1HMH_E_3,C,3,8.531999588012695,22.496000289916992,39.766998291015625
1HMH_E_4,G,4,4.633999824523926,18.78199958801269,39.4739990234375
1HMH_E_5,A,5,1.1369999647140503,14.89900016784668,41.41600036621094
1HMH_E_6,C,6,-0.6890000104904175,12.914999961853027,45.84299850463867
1HMH_E_7,C,7,-1.4160000085830688,13.435999870300293,51.0620002746582
1HMH_E_8,C,8,-1.2910000085830688,16.327999114990234,55.40900039672852
1HMH_E_9,U,9,-1.7280000448226929,20.98500061035156,58.29899978637695
1HMH_E_10,G,10,-3.9340000152587886,26.61199951171875,61.24399948120117
1HMH_E_11,A,11,-0.0579999983310699,26.917999267578125,57.5620002746582
1HMH_E_12,U,12,-2.4670000076293945,30.14299964904785,52.0880012512207
1HMH_E_13,G,13,-2.1979999542236333,32.798999786376946,46.7509994506836
1HMH_E_14,A,14,-6.9060001373291025,36.99399948120117,42.724998474121094
1HMH_E_15,G,15,-3.4790000915527344,39.4370002746582,40.54700088500977
1HMH_E_16,G,16,1.065999984741211,42.10499954223633,39.61000061035156
1HMH_E_17,C,17,6.644999980926514,43.21599960327149,39.00500106811523
1HMH_E_18,C,18,11.699999809265135,41.61999893188477,37.75500106811523
1HMH_E_19,G,19,15.093999862670898,38.12699890136719,35.054000854492195
1HMH_E_20,A,20,17.618999481201172,35.61600112915039,28.513999938964844
1HMH_E_21,A,21,17.354999542236328,31.70800018310547,31.934999465942386
1HMH_E_22,A,22,18.32099914550781,29.68600082397461,36.54499816894531
1HMH_E_23,G,23,15.371000289916992,31.84499931335449,39.61600112915039
1HMH_E_24,G,24,13.640000343322756,36.2599983215332,42.25600051879883
1HMH_E_25,C,25,10.019000053405762,40.1510009765625,44.678001403808594
1HMH_E_26,C,26,5.164999961853027,41.77399826049805,46.38199996948242
1HMH_E_27,G,27,0.546999990940094,40.28300094604492,47.499000549316406
1HMH_E_28,A,28,-6.4190001487731925,40.86600112915039,47.60200119018555
1HMH_E_29,A,29,-8.935999870300293,36.39899826049805,49.51599884033203
1HMH_E_30,A,30,-9.380999565124512,32.333999633789055,52.75199890136719
1HMH_E_31,C,31,-7.342000007629394,30.209999084472656,57.24800109863281
1HMH_E_32,C,32,-5.118000030517578,30.70000076293945,61.834999084472656
1HMH_E_33,G,33,-3.558000087738037,33.88199996948242,65.62300109863281
1HMH_E_34,U,34,-3.5899999141693115,38.08300018310547,68.59500122070311
1RNG_A_1,G,1,-1.6469999551773071,-6.4099998474121085,-6.132999897003174
1RNG_A_2,G,2,-6.367000102996826,-5.548999786376953,-2.634999990463257
1RNG_A_3,C,3,-8.375,-3.8250000476837163,2.91599988937378
1RNG_A_4,G,4,-8.10200023651123,0.4749999940395355,5.1620001792907715
1RNG_A_5,C,5,-5.548999786376953,4.368000030517578,6.385000228881836
1RNG_A_6,U,6,-1.0420000553131104,5.007999897003174,7.978000164031982
1RNG_A_7,U,7,0.6129999756813049,5.728000164031982,1.4270000457763672
1RNG_A_8,G,8,3.7780001163482666,2.871000051498413,3.5590000152587886
1RNG_A_9,C,9,1.9229999780654907,-0.163000002503395,8.371000289916992
1RNG_A_10,G,10,0.0820000022649765,-4.2109999656677255,8.73799991607666
1RNG_A_11,U,11,-3.26200008392334,-6.901000022888184,6.85099983215332
1RNG_A_12,C,12,-6.9079999923706055,-9.593000411987305,2.0239999294281006
1MME_D_1,G,1,14.970000267028807,-1.343000054359436,9.769000053405762
1MME_D_2,G,2,11.282999992370605,-1.7289999723434448,6.39900016784668
1MME_D_3,C,3,9.008999824523926,-0.6570000052452087,2.013000011444092
1MME_D_4,C,4,8.618000030517576,2.1619999408721924,-3.128999948501587
1MME_D_5,G,5,11.902999877929688,2.434000015258789,-6.573999881744385
1MME_D_6,A,6,14.480999946594238,5.413000106811523,-11.484999656677244
1MME_D_7,A,7,19.30599975585937,3.1940000057220463,-13.914999961853027
1MME_D_8,A,8,22.538000106811523,-1.0850000381469729,-15.04800033569336
1MME_D_9,C,9,22.91399955749512,-5.802000045776367,-15.779000282287598
1MME_D_10,U,10,21.482999801635746,-10.94200038909912,-17.459999084472653
1MME_D_11,C,11,17.379999160766598,-14.175999641418455,-20.05599975585937
1MME_D_12,G,12,13.369000434875488,-12.979000091552734,-24.00399971008301
1MME_D_13,U,13,12.239999771118164,-12.58199977874756,-31.341999053955078
1MME_D_14,A,14,9.449000358581543,-9.397000312805176,-28.33699989318848
1MME_D_15,A,15,5.343999862670898,-8.173000335693361,-24.71199989318848
1MME_D_16,G,16,8.380000114440918,-8.758000373840332,-20.468000411987305
1MME_D_17,A,17,10.67199993133545,-11.539999961853027,-16.56399917602539
1MME_D_18,G,18,14.821000099182127,-12.399999618530273,-12.880000114440918
1MME_D_19,U,19,18.52199935913086,-12.437999725341795,-9.520000457763672
1MME_D_20,C,20,25.059999465942386,-14.69499969482422,-6.7709999084472665
1MME_D_21,A,21,29.316999435424805,-15.876999855041506,-3.313999891281128
1MME_D_22,C,22,31.78899955749512,-14.52400016784668,0.3580000102519989
1MME_D_23,C,23,35.50600051879883,-11.401000022888185,3.713000059127808
1MME_D_24,A,24,37.52299880981445,-8.008000373840332,7.8520002365112305
1MME_D_25,C,25,36.354000091552734,-5.250999927520752,12.043999671936035
1KAJ_A_1,G,1,-6.7709999084472665,3.615999937057495,-10.996000289916992
1KAJ_A_2,G,2,-3.749000072479248,5.795000076293945,-14.185999870300293
1KAJ_A_3,C,3,1.753999948501587,7.672999858856201,-15.875
1KAJ_A_4,G,4,6.795000076293945,6.933000087738037,-15.743000030517578
1KAJ_A_5,C,5,10.866999626159668,5.7249999046325675,-13.3100004196167
1KAJ_A_6,A,6,14.586000442504885,2.875999927520752,-9.715999603271484
1KAJ_A_7,G,7,17.968000411987305,-0.7609999775886536,-7.653999805450439
1KAJ_A_8,U,8,20.299999237060547,-5.2820000648498535,-8.291999816894531
1KAJ_A_9,G,9,25.67099952697754,-10.234000205993652,-9.640000343322754
1KAJ_A_10,G,10,21.670000076293945,-11.741000175476074,-12.72700023651123
1KAJ_A_11,G,11,16.330999374389652,-13.635000228881836,-13.47599983215332
1KAJ_A_12,C,12,11.689000129699707,-13.800000190734865,-11.015000343322754
1KAJ_A_13,U,13,8.687000274658201,-10.824999809265137,-7.533999919891357
1KAJ_A_14,A,14,8.550000190734862,-6.355999946594237,-5.515999794006348
1KAJ_A_15,G,15,9.821999549865724,-0.5479999780654907,-5.105000019073486
1KAJ_A_16,C,16,8.866000175476074,5.238999843597412,-5.586999893188477
1KAJ_A_17,G,17,5.9099998474121085,10.060999870300293,-6.447000026702881
1KAJ_A_18,C,18,0.578000009059906,12.824000358581545,-7.513999938964844
1KAJ_A_19,C,19,-4.936999797821045,13.548999786376953,-7.97100019454956
1KAJ_A_20,A,20,-9.835000038146973,10.215999603271484,-7.037000179290772
1KAJ_A_21,C,21,-10.970000267028807,5.026000022888184,-4.619999885559082
1KAJ_A_22,U,22,-10.762999534606934,2.375,-0.2479999959468841
1KAJ_A_23,C,23,-7.723999977111816,-1.1069999933242798,3.196000099182129
1KAJ_A_24,A,24,-4.369999885559082,-3.5139999389648438,6.736999988555907
1KAJ_A_25,A,25,1.008999943733215,-4.3480000495910645,6.877999782562256
1KAJ_A_26,A,26,6.978000164031982,-3.953999996185303,6.25
1KAJ_A_27,A,27,11.85099983215332,-8.980999946594238,6.261000156402588
1KAJ_A_28,G,28,12.163000106811525,-13.557000160217285,-0.7940000295639038
1KAJ_A_29,C,29,14.156000137329102,-18.003000259399414,-4.024000167846681
1KAJ_A_30,C,30,18.999000549316406,-20.23900032043457,-7.0960001945495605
1KAJ_A_31,C,31,24.214000701904297,-20.53199958801269,-8.303999900817871
1KAJ_A_32,G,32,28.32500076293945,-19.541000366210934,-4.26200008392334
1SLO_A_1,U,1,12.29800033569336,-6.488999843597412,31.72900009155273
1SLO_A_2,U,2,10.35200023651123,-4.51200008392334,27.22900009155273
1SLO_A_3,A,3,6.980000019073486,-3.4230000972747803,23.847999572753906
1SLO_A_4,C,4,2.1170001029968257,-2.9119999408721924,22.4379997253418
1SLO_A_5,C,5,-3.1779999732971187,-1.930999994277954,23.47599983215332
1SLO_A_6,C,6,-6.537000179290772,1.508999943733215,25.566999435424805
1SLO_A_7,A,7,-6.4000000953674325,5.926000118255615,27.30500030517578
1SLO_A_8,A,8,-3.7750000953674316,9.70699977874756,28.882999420166016
1SLO_A_9,G,9,-0.4900000095367431,14.338000297546387,26.788000106811523
1SLO_A_10,U,10,4.201000213623047,13.937999725341795,28.670000076293945
1SLO_A_11,U,11,5.01800012588501,10.821999549865724,32.23300170898437
1SLO_A_12,U,12,1.4819999933242798,7.89300012588501,33.17300033569336
1SLO_A_13,G,13,-1.7640000581741333,3.8580000400543213,34.41400146484375
1SLO_A_14,A,14,-8.017000198364258,3.390000104904175,34.78499984741211
1SLO_A_15,G,15,-6.572999954223633,-1.5199999809265137,33.23699951171875
1SLO_A_16,G,16,-5.056000232696533,-5.107999801635742,29.559999465942386
1SLO_A_17,U,17,-1.8680000305175781,-8.067000389099121,25.63999938964844
1SLO_A_18,A,18,2.3540000915527344,-9.994999885559082,23.57399940490723
1SLO_A_19,A,19,7.068999767303468,-10.526000022888184,23.90399932861328
1BIV_A_1,G,1,19.39699935913086,2.3420000076293945,8.944999694824219
1BIV_A_2,G,2,19.89800071716309,7.676000118255615,6.626999855041504
1BIV_A_3,C,3,18.43400001525879,7.8959999084472665,1.7130000591278076
1BIV_A_4,U,4,17.232999801635742,7.182000160217285,-3.428999900817871
1BIV_A_5,C,5,14.824000358581545,3.16599988937378,-7.328000068664551
1BIV_A_6,G,6,10.644000053405762,-0.1739999949932098,-7.046999931335449
1BIV_A_7,U,7,2.5429999828338623,-0.2029999941587448,-6.307000160217285
1BIV_A_8,G,8,4.0980000495910645,-4.644000053405762,-5.4660000801086435
1BIV_A_9,U,9,1.5859999656677246,-11.01099967956543,-2.9579999446868896
1BIV_A_10,A,10,0.6439999938011169,-4.835999965667725,1.3459999561309814
1BIV_A_11,G,11,-1.0399999618530271,-2.4030001163482666,5.554999828338623
1BIV_A_12,C,12,-1.7400000095367432,2.1530001163482666,8.315999984741211
1BIV_A_13,U,13,-1.9079999923706048,7.494999885559082,8.645000457763674
1BIV_A_14,C,14,-5.666999816894531,12.97700023651123,6.929999828338622
1BIV_A_15,A,15,-3.1089999675750732,15.539999961853027,4.486999988555908
1BIV_A_16,U,16,-3.371999979019165,17.00200080871582,0.0680000036954879
1BIV_A_17,U,17,-3.4260001182556152,14.592000007629395,-3.7669999599456787
1BIV_A_18,A,18,0.9990000128746032,13.138999938964846,0.006000000052154
1BIV_A_19,G,19,3.0750000476837163,11.364999771118164,4.203999996185304
1BIV_A_20,C,20,4.650000095367432,7.146999835968018,7.433000087738037
1BIV_A_21,U,21,6.131999969482423,2.0520000457763667,7.34600019454956
1BIV_A_22,C,22,6.458000183105469,-2.490000009536743,5.059999942779541
1BIV_A_23,C,23,8.371999740600586,-7.067999839782715,0.6100000143051147
1BIV_A_24,G,24,12.586000442504885,-6.697000026702881,-2.7699999809265137
1BIV_A_25,A,25,17.030000686645508,-3.3589999675750732,-5.064000129699707
1BIV_A_26,G,26,21.429000854492188,-0.1110000014305114,-5.059000015258789
1BIV_A_27,C,27,24.28400039672852,4.484000205993652,-2.568000078201294
1BIV_A_28,C,28,26.84000015258789,4.4790000915527335,2.0369999408721924
1ANR_A_1,G,1,-8.145999908447267,11.800000190734865,-3.247999906539917
1ANR_A_2,G,2,-3.4130001068115234,10.496999740600586,-5.116000175476074
1ANR_A_3,C,3,2.381999969482422,8.618000030517576,-5.230999946594238
1ANR_A_4,A,4,5.027999877929688,6.276000022888184,-1.6890000104904177
1ANR_A_5,G,5,7.144999980926514,5.098999977111816,2.611999988555908
1ANR_A_6,A,6,7.333000183105469,3.3229999542236333,8.380000114440918
1ANR_A_7,U,7,5.13700008392334,-1.4589999914169312,9.687000274658203
1ANR_A_8,C,8,4.1589999198913565,-7.454999923706055,9.49899959564209
1ANR_A_9,U,9,-1.6820000410079956,-8.543999671936035,14.156999588012695
1ANR_A_10,G,10,-1.034000039100647,-2.4000000953674316,16.836000442504886
1ANR_A_11,A,11,-5.099999904632568,-2.880000114440918,14.706000328063965
1ANR_A_12,G,12,-9.743000030517578,-1.8049999475479128,12.279999732971193
1ANR_A_13,C,13,-14.49899959564209,-1.2400000095367432,8.447999954223633
1ANR_A_14,C,14,-17.511999130249027,-5.3420000076293945,6.7230000495910645
1ANR_A_15,U,15,-23.73500061035156,-7.636000156402588,3.7999999523162837
1ANR_A_16,G,16,-19.52400016784668,-13.170000076293945,0.9509999752044678
1ANR_A_17,G,17,-14.651000022888185,-15.701000213623047,4.51200008392334
1ANR_A_18,G,18,-11.765999794006348,-11.20199966430664,0.5920000076293945
1ANR_A_19,A,19,-7.74399995803833,-9.335000038146973,-3.5250000953674316
1ANR_A_20,G,20,-11.586000442504885,-4.749000072479248,-0.5360000133514404
1ANR_A_21,C,21,-11.5,-0.41400000452995295,2.6979999542236333
1ANR_A_22,U,22,-9.050999641418457,2.9570000171661377,5.7709999084472665
1ANR_A_23,C,23,-6.138999938964844,3.9760000705718994,10.595999717712402
1ANR_A_24,U,24,-0.8029999732971191,3.868000030517578,14.06700038909912
1ANR_A_25,C,25,4.252999782562257,6.763000011444093,12.133999824523926
1ANR_A_26,U,26,5.34499979019165,10.256999969482422,7.8470001220703125
1ANR_A_27,G,27,6.627999782562256,13.258000373840332,3.2160000801086426
1ANR_A_28,C,28,4.001999855041504,15.85099983215332,-0.9200000166893004
1ANR_A_29,C,29,0.3409999907016754,17.541999816894528,-3.997999906539917
1ZIG_A_1,G,1,-10.44499969482422,-1.9570000171661377,-6.855000019073486
1ZIG_A_2,G,2,-9.692999839782717,-0.4410000145435333,-1.9869999885559082
1ZIG_A_3,G,3,-7.1500000953674325,-0.1220000013709068,2.5510001182556152
1ZIG_A_4,C,4,-2.5910000801086426,0.1430000066757202,4.3400001525878915
1ZIG_A_5,G,5,2.6070001125335693,0.9179999828338624,4.578999996185303
1ZIG_A_6,A,6,7.239999771118164,6.959000110626222,7.076000213623048
1ZIG_A_7,G,7,8.151000022888184,4.742000102996826,2.3959999084472656
1ZIG_A_8,A,8,9.690999984741213,1.7769999504089355,-1.4930000305175781
1ZIG_A_9,G,9,5.925000190734862,-0.5860000252723694,-2.1429998874664307
1ZIG_A_10,C,10,2.6500000953674316,-3.92300009727478,0.6019999980926514
1ZIG_A_11,C,11,-1.6579999923706057,-6.304999828338622,1.4509999752044678
1ZIG_A_12,U,12,-6.331999778747559,-7.53000020980835,0.8240000009536743
1ZIH_A_1,G,1,-10.967000007629396,-3.5309998989105225,-5.3420000076293945
1ZIH_A_2,G,2,-6.5229997634887695,-0.4510000050067901,-6.421999931335449
1ZIH_A_3,G,3,-1.1519999504089355,2.372999906539917,-6.0900001525878915
1ZIH_A_4,C,4,3.13700008392334,2.8190000057220463,-3.0239999294281006
1ZIH_A_5,G,5,6.302999973297119,0.1230000033974647,0.6290000081062317
1ZIH_A_6,C,6,9.689000129699707,-6.676000118255615,1.1419999599456787
1ZIH_A_7,A,7,5.940000057220459,-6.2849998474121085,4.058000087738037
1ZIH_A_8,A,8,3.7239999771118164,-4.046000003814696,8.116000175476074
1ZIH_A_9,G,9,1.2960000038146973,-0.5509999990463257,6.620999813079834
1ZIH_A_10,C,10,-0.0469999983906745,4.723999977111816,4.196000099182129
1ZIH_A_11,C,11,-2.9809999465942383,6.295000076293945,0.9250000119209291
1ZIH_A_12,U,12,-6.742000102996826,5.392000198364258,-2.0230000019073486
1ETF_A_1,G,1,-6.755000114440918,-24.091999053955078,2.306999921798706
1ETF_A_2,G,2,-4.36899995803833,-20.6200008392334,5.4099998474121085
1ETF_A_3,U,3,-0.8659999966621399,-16.985000610351562,7.28000020980835
1ETF_A_4,C,4,2.9709999561309814,-13.152000427246096,7.548999786376952
1ETF_A_5,U,5,6.0209999084472665,-8.979999542236328,5.453000068664551
1ETF_A_6,G,6,6.714000225067139,-5.0329999923706055,2.157999992370605
1ETF_A_7,G,7,8.793000221252441,-2.345999956130981,-2.009999990463257
1ETF_A_8,G,8,8.147000312805176,1.0509999990463257,-6.196000099182129
1ETF_A_9,C,9,4.8979997634887695,3.3499999046325684,-9.826000213623047
1ETF_A_10,G,10,1.0260000228881836,6.676000118255615,-11.29800033569336
1ETF_A_11,C,11,-2.446000099182129,10.32800006866455,-10.32800006866455
1ETF_A_12,A,12,-4.2150001525878915,14.085000038146973,-7.2779998779296875
1ETF_A_13,G,13,-3.9159998893737793,17.80900001525879,-3.26200008392334
1ETF_A_14,C,14,-1.1599999666213991,21.7549991607666,-0.1889999955892563
1ETF_A_15,G,15,3.3550000190734863,25.5939998626709,-0.1089999973773956
1ETF_A_16,C,16,7.9060001373291025,31.934999465942386,-0.1330000013113021
1ETF_A_17,A,17,10.630000114440918,26.84000015258789,1.2949999570846558
1ETF_A_18,A,18,10.850000381469727,22.31100082397461,2.8320000171661377
1ETF_A_19,G,19,7.754000186920166,18.27499961853028,3.26200008392334
1ETF_A_20,C,20,3.9779999256134033,14.633000373840332,3.760999917984009
1ETF_A_21,U,21,-0.4909999966621399,12.190999984741213,2.5250000953674316
1ETF_A_22,G,22,-5.038000106811523,9.434000015258787,0.0989999994635582
1ETF_A_23,A,23,-10.222000122070312,1.9539999961853027,4.2129998207092285
1ETF_A_24,C,24,-6.989999771118164,5.298999786376953,-3.7939999103546143
1ETF_A_25,G,25,-5.458000183105469,2.33899998664856,-7.980999946594237
1ETF_A_26,G,26,-4.105000019073486,-2.3239998817443848,-5.732999801635742
1ETF_A_27,U,27,-9.451000213623047,-7.9099998474121085,-4.677000045776367
1ETF_A_28,A,28,-2.322000026702881,-5.164000034332275,-8.074999809265138
1ETF_A_29,C,29,3.1070001125335693,-7.28000020980835,-7.658999919891357
1ETF_A_30,A,30,6.754000186920166,-10.628000259399414,-4.933000087738037
1ETF_A_31,G,31,8.571000099182129,-14.414999961853027,-1.4780000448226929
1ETF_A_32,G,32,8.378000259399414,-18.40900039672852,2.249000072479248
1ETF_A_33,C,33,6.10099983215332,-22.327999114990234,5.085999965667725
1ETF_A_34,C,34,2.549000024795532,-25.65099906921387,7.170000076293945
1ZIF_A_1,G,1,3.973000049591065,-13.053000450134276,3.565000057220459
1ZIF_A_2,G,2,5.578000068664551,-8.486000061035156,0.7559999823570251
1ZIF_A_3,G,3,6.366000175476074,-3.059999942779541,-2.0859999656677246
1ZIF_A_4,C,4,4.372000217437743,1.430999994277954,-2.4609999656677246
1ZIF_A_5,G,5,0.5139999985694885,5.355999946594238,0.5529999732971191
1ZIF_A_6,A,6,2.7920000553131104,10.873000144958496,4.879000186920166
1ZIF_A_7,A,7,-0.984000027179718,8.562000274658201,6.433000087738037
1ZIF_A_8,A,8,-4.833000183105469,6.333000183105469,5.052999973297119
1ZIF_A_9,G,9,-5.211999893188477,3.749000072479248,0.9900000095367432
1ZIF_A_10,C,10,-3.6770000457763667,0.41400000452995295,-3.4230000972747803
1ZIF_A_11,C,11,-1.0420000553131104,-3.2060000896453857,-5.489999771118164
1ZIF_A_12,U,12,1.2949999570846558,-7.767000198364258,-5.008999824523926
1KPD_A_1,G,1,11.416000366210938,3.013000011444092,13.83199977874756
1KPD_A_2,G,2,8.02299976348877,5.389999866485597,9.89799976348877
1KPD_A_3,C,3,6.48799991607666,7.426000118255615,4.873000144958496
1KPD_A_4,G,4,7.492000102996826,8.498000144958496,-0.0869999974966049
1KPD_A_5,C,5,9.39900016784668,8.166000366210938,-5.059999942779541
1KPD_A_6,A,6,9.611000061035156,3.000999927520752,-11.279000282287598
1KPD_A_7,G,7,4.685999870300293,-0.7509999871253967,-11.973999977111815
1KPD_A_8,U,8,-2.6989998817443848,4.7129998207092285,-15.506999969482422
1KPD_A_9,G,9,0.4860000014305115,-0.9079999923706056,-22.60700035095215
1KPD_A_10,G,10,4.138999938964844,-4.609000205993652,-20.917999267578125
1KPD_A_11,G,11,8.723999977111816,-5.9629998207092285,-19.0939998626709
1KPD_A_12,C,12,13.458000183105467,-5.131999969482422,-15.892000198364258
1KPD_A_13,U,13,15.958999633789062,-3.134000062942505,-12.003000259399414
1KPD_A_14,A,14,17.527999877929688,-1.64900004863739,-7.360000133514403
1KPD_A_15,G,15,18.20599937438965,2.66599988937378,-4.7210001945495605
1KPD_A_16,C,16,17.783000946044922,7.375,-2.025000095367432
1KPD_A_17,G,17,15.62600040435791,11.11299991607666,0.9530000090599059
1KPD_A_18,C,18,13.456000328063965,13.175000190734865,5.546999931335449
1KPD_A_19,C,19,11.44499969482422,12.33899974822998,9.753000259399414
1KPD_A_20,A,20,7.973000049591064,10.03499984741211,13.001999855041506
1KPD_A_21,C,21,4.566999912261963,8.180999755859375,15.63700008392334
1KPD_A_22,U,22,1.718000054359436,11.133000373840332,12.288000106811525
1KPD_A_23,C,23,2.0380001068115234,13.175000190734865,7.76200008392334
1KPD_A_24,A,24,5.057000160217285,15.008999824523926,2.250999927520752
1KPD_A_25,A,25,7.686999797821045,14.564000129699707,-2.8550000190734863
1KPD_A_26,A,26,9.875,11.789999961853027,-6.7220001220703125
1KPD_A_27,G,27,15.479000091552734,6.758999824523926,-10.420000076293944
1KPD_A_28,G,28,15.821999549865724,4.974999904632568,-15.272000312805176
1KPD_A_29,C,29,15.611000061035154,2.032000064849853,-19.56100082397461
1KPD_A_30,C,30,13.720000267028807,-1.2100000381469729,-23.617000579833984
1KPD_A_31,C,31,9.791000366210938,-3.125999927520752,-26.440000534057614
1KPD_A_32,G,32,4.677000045776367,-1.5279999971389768,-28.229999542236328
1IKD_A_1,G,1,0.2910000085830688,-8.220999717712402,11.711000442504885
1IKD_A_2,G,2,-2.6949999332427983,-3.46399998664856,10.479000091552734
1IKD_A_3,G,3,-3.632999897003174,1.1019999980926514,7.614999771118164
1IKD_A_4,G,4,-3.1530001163482666,4.8969998359680185,3.7079999446868896
1IKD_A_5,C,5,-2.6760001182556152,7.610000133514403,-1.5429999828338623
1IKD_A_6,U,6,-2.219000101089477,8.927000045776367,-6.749000072479247
1IKD_A_7,C,7,-2.82699990272522,8.133000373840332,-12.0
1IKD_A_8,U,8,-6.239999771118164,6.2249999046325675,-15.770000457763672
1IKD_A_9,U,9,-7.763999938964844,4.88100004196167,-22.136999130249023
1IKD_A_10,C,10,-11.39799976348877,2.33899998664856,-16.115999221801758
1IKD_A_11,G,11,-7.921999931335449,-2.0820000171661377,-18.600000381469727
1IKD_A_12,G,12,-4.974999904632568,-1.7130000591278076,-14.354000091552734
1IKD_A_13,A,13,-0.6570000052452087,-0.2339999973773956,-11.4399995803833
1IKD_A_14,G,14,3.0309998989105225,2.068000078201294,-7.960999965667725
1IKD_A_15,C,15,4.364999771118163,4.0300002098083505,-3.375999927520752
1IKD_A_16,U,16,4.76800012588501,4.252999782562257,2.4719998836517334
1IKD_A_17,C,17,4.202000141143799,3.838000059127808,7.691999912261963
1IKD_A_18,C,18,2.776000022888184,1.7549999952316284,12.43000030517578
1IKD_A_19,A,19,5.142000198364258,-2.6089999675750732,16.330999374389652
1IKD_A_20,C,20,9.836000442504883,-6.0999999046325675,17.85099983215332
1IKD_A_21,C,21,16.243999481201172,-5.931000232696532,19.78899955749512
1IKD_A_22,A,22,16.080999374389652,0.2980000078678131,21.106000900268555
1ZDI_S_1,A,1,,,
1ZDI_S_2,C,2,,,
1ZDI_S_3,A,3,,,
1ZDI_S_4,U,4,-6.874000072479247,-94.1709976196289,32.71900177001953
1ZDI_S_5,G,5,-2.2079999446868896,-95.6959991455078,30.332000732421875
1ZDI_S_6,A,6,0.6869999766349792,-103.86699676513672,27.73600006103516
1ZDI_S_7,G,7,3.38700008392334,-95.2969970703125,30.27799987792969
1ZDI_S_8,G,8,9.154000282287598,-95.03399658203124,32.886001586914055
1ZDI_S_9,A,9,11.539999961853027,-95.6780014038086,37.1150016784668
1ZDI_S_10,U,10,17.025999069213867,-95.23600006103516,41.32600021362305
1ZDI_S_11,U,11,10.088000297546387,-98.03299713134766,43.1150016784668
1ZDI_S_12,A,12,4.599999904632568,-95.1439971923828,48.03499984741211
1ZDI_S_13,C,13,8.526000022888184,-91.5749969482422,42.49300003051758
1ZDI_S_14,C,14,8.104999542236326,-89.47699737548828,38.141998291015625
1ZDI_S_15,C,15,5.24399995803833,-88.73699951171875,32.9010009765625
1ZDI_S_16,A,16,0.9419999718666076,-88.22699737548828,29.440000534057614
1ZDI_S_17,U,17,,,
1ZDI_S_18,G,18,,,
1ZDI_S_19,U,19,,,
1AFX_A_1,G,1,-7.709000110626222,-2.102999925613404,7.868000030517577
1AFX_A_2,G,2,-6.315000057220459,-3.1730000972747803,3.118000030517578
1AFX_A_3,U,3,-5.7220001220703125,-2.440000057220459,-2.625999927520752
1AFX_A_4,G,4,-2.101999998092652,-2.0339999198913574,-4.291999816894531
1AFX_A_5,U,5,2.427999973297119,-3.384999990463257,-3.111999988555908
1AFX_A_6,G,6,6.2729997634887695,-5.7230000495910645,-2.6670000553131104
1AFX_A_7,A,7,9.496999740600586,-1.7660000324249268,0.0549999997019767
1AFX_A_8,A,8,7.64300012588501,1.9780000448226929,1.7079999446868896
1AFX_A_9,C,9,4.418000221252441,4.107999801635741,1.1039999723434448
1AFX_A_10,A,10,0.2179999947547912,6.46999979019165,-0.6240000128746033
1AFX_A_11,C,11,-4.368000030517578,6.60699987411499,-0.5379999876022339
1AFX_A_12,C,12,-9.604000091552734,4.961999893188477,0.3970000147819519
1EBQ_A_1,G,1,8.402999877929688,-10.812000274658203,1.6000000238418581
1EBQ_A_2,G,2,7.392000198364258,-8.456999778747559,6.631999969482423
1EBQ_A_3,U,3,5.946000099182129,-3.8559999465942383,9.067999839782717
1EBQ_A_4,G,4,3.8340001106262207,1.187999963760376,8.565999984741211
1EBQ_A_5,G,5,-0.0520000010728836,2.8250000476837163,6.664999961853027
1EBQ_A_6,G,6,-3.0920000076293945,3.9179999828338623,3.2060000896453857
1EBQ_A_7,C,7,-4.123000144958496,5.11299991607666,-2.2679998874664307
1EBQ_A_8,G,8,-7.107999801635742,4.525000095367432,-6.797999858856201
1EBQ_A_9,C,9,-11.73799991607666,2.700000047683716,-8.718000411987305
1EBQ_A_10,A,10,-16.917999267578125,1.0980000495910645,-7.664000034332275
1EBQ_A_11,G,11,-20.702999114990234,1.3960000276565552,-3.8510000705718994
1EBQ_A_12,C,12,-22.70199966430664,3.875999927520752,0.7799999713897705
1EBQ_A_13,U,13,-21.738000869750977,7.986000061035156,2.371999979019165
1EBQ_A_14,U,14,-23.665000915527344,10.765000343322754,-1.3539999723434448
1EBQ_A_15,C,15,-17.604000091552734,14.291000366210938,3.309999942779541
1EBQ_A_16,G,16,-13.789999961853027,11.602999687194824,6.179999828338622
1EBQ_A_17,G,17,-14.446999549865724,6.716000080108643,6.671999931335449
1EBQ_A_18,C,18,-15.607000350952148,1.6330000162124634,5.5879998207092285
1EBQ_A_19,U,19,-16.099000930786133,-2.8570001125335693,2.184000015258789
1EBQ_A_20,G,20,-14.21399974822998,-5.440999984741211,-2.384000062942505
1EBQ_A_21,C,21,-9.88700008392334,-5.743000030517577,-5.901999950408936
1EBQ_A_22,G,22,-4.447999954223633,-4.6469998359680185,-6.829999923706055
1EBQ_A_23,G,23,1.5329999923706057,-5.380000114440918,-5.7709999084472665
1EBQ_A_24,U,24,7.572000026702881,-7.383999824523926,-5.400000095367432
1EBQ_A_25,A,25,3.476999998092652,-0.3210000097751617,-5.361999988555908
1EBQ_A_26,C,26,5.9130001068115225,3.8090000152587886,-1.4220000505447388
1EBQ_A_27,A,27,9.449999809265137,3.875999927520752,3.157000064849853
1EBQ_A_28,C,28,12.663000106811525,0.5849999785423279,5.989999771118164
1EBQ_A_29,C,29,15.375,-4.243000030517578,6.122000217437744
1EBR_A_1,G,1,-16.60099983215332,-7.067999839782715,-0.3919999897480011
1EBR_A_2,G,2,-12.119000434875488,-10.52299976348877,0.0689999982714653
1EBR_A_3,U,3,-6.861000061035156,-11.041999816894533,-0.2849999964237213
1EBR_A_4,G,4,-2.0269999504089355,-8.538000106811522,-0.5400000214576721
1EBR_A_5,G,5,2.5280001163482666,-5.52899980545044,-0.5879999995231628
1EBR_A_6,G,6,4.651000022888184,-2.095999956130981,-2.806999921798706
1EBR_A_7,C,7,9.37399959564209,2.1960000991821294,-3.0369999408721924
1EBR_A_8,G,8,13.362000465393065,5.189000129699707,-0.7739999890327454
1EBR_A_9,C,9,15.27299976348877,3.7309999465942383,2.867000102996826
1EBR_A_10,A,10,15.239999771118164,1.5570000410079956,7.946000099182129
1EBR_A_11,G,11,16.395000457763672,-3.128000020980835,10.092000007629396
1EBR_A_12,C,12,19.04800033569336,-8.064000129699707,9.739999771118164
1EBR_A_13,U,13,22.326000213623047,-9.590999603271484,6.923999786376952
1EBR_A_14,U,14,26.69899940490723,-6.616000175476074,5.401999950408936
1EBR_A_15,C,15,25.73500061035156,-10.199000358581543,0.1860000044107437
1EBR_A_16,G,16,22.78400039672852,-10.362000465393066,-2.3510000705718994
1EBR_A_17,G,17,18.1879997253418,-11.173999786376953,-0.2569999992847442
1EBR_A_18,C,18,13.736000061035154,-10.484000205993652,2.7390000820159908
1EBR_A_19,U,19,9.847999572753906,-7.4790000915527335,5.4790000915527335
1EBR_A_20,G,20,7.732999801635742,-3.127000093460083,5.65500020980835
1EBR_A_21,A,21,6.059999942779541,-1.4240000247955322,10.642999649047852
1EBR_A_22,C,22,6.88700008392334,4.914000034332275,7.782000064849853
1EBR_A_23,G,23,3.5729999542236333,7.203000068664551,4.0399999618530265
1EBR_A_24,G,24,-4.584000110626222,5.460999965667725,3.588000059127808
1EBR_A_25,U,25,-8.812000274658203,2.193000078201294,3.2039999961853027
1EBR_A_26,A,26,-6.318999767303468,4.052999973297118,-1.1109999418258667
1EBR_A_27,C,27,-4.382999897003174,0.9549999833106996,-4.843999862670898
1EBR_A_28,A,28,-4.260000228881837,-3.920000076293945,-7.7729997634887695
1EBR_A_29,C,29,-6.894000053405763,-8.357999801635742,-8.883999824523926
1EBR_A_30,C,30,-11.722000122070312,-10.821999549865724,-8.930000305175781
1ULL_A_1,G,1,8.543999671936035,-8.331000328063965,1.375
1ULL_A_2,G,2,10.675999641418457,-5.745999813079834,6.748000144958496
1ULL_A_3,C,3,9.836000442504883,-0.25,7.033999919891357
1ULL_A_4,U,4,7.763000011444093,3.828999996185303,4.676000118255615
1ULL_A_5,G,5,4.769000053405762,7.734000205993652,1.2799999713897705
1ULL_A_6,G,6,3.3589999675750732,8.571000099182129,-3.4539999961853027
1ULL_A_7,A,7,0.0540000014007091,7.519999980926514,-7.175000190734862
1ULL_A_8,C,8,-3.892999887466431,4.607999801635742,-9.020999908447266
1ULL_A_9,U,9,-8.333000183105469,2.055999994277954,-9.30500030517578
1ULL_A_10,C,10,-13.048999786376953,0.9810000061988832,-6.676000118255615
1ULL_A_11,G,11,-16.63599967956543,1.7599999904632568,-2.618000030517578
1ULL_A_12,U,12,-19.23699951171875,4.539999961853027,1.3309999704360962
1ULL_A_13,A,13,-19.10300064086914,9.447999954223633,3.367000102996826
1ULL_A_14,C,14,-19.09499931335449,14.211999893188475,2.118000030517578
1ULL_A_15,U,15,-20.46299934387207,17.860000610351562,-1.133999943733215
1ULL_A_16,U,16,-21.45199966430664,23.04800033569336,-5.2290000915527335
1ULL_A_17,C,17,-24.149999618530284,16.707000732421875,-7.015999794006348
1ULL_A_18,G,18,-19.53499984741211,17.702999114990234,-10.652999877929688
1ULL_A_19,G,19,-16.125999450683597,16.32699966430664,-7.642000198364258
1ULL_A_20,U,20,-13.902000427246096,15.312000274658205,-3.505000114440918
1ULL_A_21,A,21,-13.003999710083008,13.243000030517578,1.9520000219345093
1ULL_A_22,C,22,-12.16800022125244,8.802000045776367,3.963000059127808
1ULL_A_23,U,23,-7.892000198364258,3.4679999351501465,4.6620001792907715
1ULL_A_24,G,24,-13.157999992370605,5.8540000915527335,10.397000312805176
1ULL_A_25,G,25,-12.56700038909912,1.0720000267028809,3.8350000381469727
1ULL_A_26,A,26,-11.079999923706056,-1.7619999647140503,-1.0640000104904177
1ULL_A_27,G,27,-7.967000007629394,-4.080999851226807,-5.031000137329102
1ULL_A_28,A,28,-3.2219998836517334,-4.789999961853027,-2.41599988937378
1ULL_A_29,A,29,1.131999969482422,-7.35699987411499,2.572000026702881
1ULL_A_30,A,30,0.5609999895095825,-4.497000217437744,-4.951000213623047
1ULL_A_31,C,31,4.2709999084472665,-1.1770000457763672,-5.699999809265138
1ULL_A_32,A,32,8.809000015258789,2.184999942779541,-5.074999809265137
1ULL_A_33,G,33,13.678000450134276,2.1080000400543213,-2.515000104904175
1ULL_A_34,C,34,17.202999114990234,-0.3370000123977661,0.7089999914169312
1ULL_A_35,C,35,17.562000274658207,-5.5339999198913565,-3.211999893188477
1KIS_B_1,G,1,0.4550000131130218,1.2359999418258667,20.91699981689453
1KIS_B_2,C,2,0.2049999982118606,4.554999828338623,15.97599983215332
1KIS_B_3,U,3,0.4359999895095825,6.287000179290772,10.307000160217283
1KIS_B_4,G,4,1.950999975204468,7.017000198364258,4.868000030517578
1KIS_B_5,U,5,4.447999954223633,5.425000190734863,1.059000015258789
1KIS_B_6,U,6,1.4140000343322754,6.078999996185303,-8.270999908447267
1KIS_B_7,C,7,-3.227999925613404,1.718000054359436,-7.447000026702881
1KIS_B_8,C,8,-4.243000030517578,-1.7079999446868896,-4.248000144958496
1KIS_B_9,C,9,-2.0220000743865967,-6.40500020980835,-0.671999990940094
1KIS_B_10,A,10,2.0780000686645512,-6.75,2.1440000534057617
1KIS_B_11,G,11,7.059999942779541,-5.947999954223633,3.4560000896453857
1KIS_B_12,A,12,10.772000312805176,-2.552999973297119,4.504000186920166
1KIS_B_13,C,13,12.197999954223633,2.61299991607666,6.109000205993652
1KIS_B_14,A,14,10.994000434875488,6.572999954223633,8.937000274658203
1KIS_B_15,G,15,7.835000038146973,9.350000381469727,12.265999794006348
1KIS_B_16,C,16,4.611999988555908,10.699999809265137,17.106000900268555
1KIS_A_1,G,1,5.927000045776367,-0.777999997138977,-28.250999450683604
1KIS_A_2,A,2,10.199999809265137,2.2950000762939453,-24.77300071716309
1KIS_A_3,G,3,11.362000465393065,5.824999809265138,-20.499000549316406
1KIS_A_4,C,4,10.279000282287598,7.708000183105469,-14.652000427246096
1KIS_A_5,C,5,7.179999828338622,5.986000061035156,-10.47599983215332
1KIS_A_6,C,6,10.116000175476074,3.122999906539917,-1.74399995803833
1KIS_A_7,U,7,10.73900032043457,-3.5980000495910645,-2.36899995803833
1KIS_A_8,G,8,7.4679999351501465,-7.644999980926514,-4.7230000495910645
1KIS_A_9,G,9,2.0429999828338623,-8.588000297546388,-8.26099967956543
1KIS_A_10,G,10,-0.656000018119812,-6.245999813079834,-12.560999870300293
1KIS_A_11,A,11,-2.2880001068115234,-1.7330000400543213,-14.545999526977539
1KIS_A_12,G,12,-1.8980000019073489,3.1700000762939453,-15.03499984741211
1KIS_A_13,G,13,0.2590000033378601,8.836000442504883,-15.515999794006348
1KIS_A_14,C,14,3.0420000553131104,12.065999984741213,-19.60099983215332
1KIS_A_15,U,15,5.699999809265138,12.170999526977539,-24.78499984741211
1KIS_A_16,C,16,7.144999980926514,9.803999900817873,-29.07099914550781
1ATO_A_1,G,1,37.290000915527344,0.8119999766349792,-13.097000122070312
1ATO_A_2,G,2,37.88199996948242,-2.436000108718872,-8.807999610900879
1ATO_A_3,C,3,38.52199935913086,-3.131999969482422,-3.5550000667572017
1ATO_A_4,A,4,37.98899841308594,-2.4089999198913574,2.026000022888184
1ATO_A_5,C,5,34.941001892089844,-0.2049999982118606,5.802000045776367
1ATO_A_6,C,6,30.517000198364247,2.2769999504089355,7.802999973297119
1ATO_A_7,U,7,26.13400077819824,1.9720000028610232,6.8460001945495605
1ATO_A_8,C,8,23.065000534057614,-1.4249999523162842,5.939000129699707
1ATO_A_9,C,9,19.37299919128418,-4.7129998207092285,8.020000457763674
1ATO_A_10,U,10,12.083000183105467,-3.1970000267028813,5.984000205993652
1ATO_A_11,C,11,12.737000465393065,-4.801000118255615,-0.5030000209808351
1ATO_A_12,G,12,21.07999992370605,-4.75600004196167,-2.0669999122619633
1ATO_A_13,C,13,22.386999130249023,1.0529999732971191,-2.374000072479248
1ATO_A_14,G,14,25.788000106811523,4.300000190734863,-1.4989999532699585
1ATO_A_15,G,15,29.972999572753906,7.646999835968018,0.7490000128746033
1ATO_A_16,U,16,35.22800064086914,8.177000045776367,2.4230000972747803
1ATO_A_17,G,17,39.91699981689453,6.298999786376952,1.3270000219345093
1ATO_A_18,C,18,43.02199935913086,3.490999937057495,-1.7990000247955322
1ATO_A_19,C,19,45.12300109863281,0.5180000066757202,-5.86899995803833
1TLR_A_1,G,1,-7.77400016784668,-10.053999900817873,1.1670000553131104
1TLR_A_2,G,2,-3.6559998989105225,-9.550999641418457,4.788000106811523
1TLR_A_3,C,3,1.2660000324249268,-7.249000072479247,6.3420000076293945
1TLR_A_4,C,4,5.0980000495910645,-3.1440000534057617,6.0960001945495605
1TLR_A_5,U,5,3.46399998664856,0.3289999961853027,4.330999851226807
1TLR_A_6,A,6,1.950999975204468,4.2220001220703125,1.9490000009536743
1TLR_A_7,A,7,0.0140000004321336,7.5229997634887695,-1.7239999771118164
1TLR_A_8,G,8,-3.786999940872192,8.479999542236326,-4.796999931335449
1TLR_A_9,A,9,-8.298000335693361,9.126999855041504,-7.188000202178955
1TLR_A_10,C,10,-13.392000198364258,9.267000198364258,-6.486000061035156
1TLR_A_11,U,11,-17.221000671386722,12.015000343322756,-3.1540000438690186
1TLR_A_12,U,12,-21.427000045776367,13.918999671936035,-0.0659999996423721
1TLR_A_13,C,13,-18.483999252319336,11.722000122070312,4.689000129699707
1TLR_A_14,G,14,-13.852999687194824,10.121000289916992,5.328000068664551
1TLR_A_15,G,15,-16.400999069213867,5.093999862670898,1.812999963760376
1TLR_A_16,U,16,-13.647000312805176,2.0190000534057617,-0.6970000267028809
1TLR_A_17,U,17,-9.300999641418457,0.996999979019165,-2.4030001163482666
1TLR_A_18,A,18,-2.809000015258789,-0.135000005364418,-3.1989998817443848
1TLR_A_19,U,19,1.3940000534057615,0.7940000295639038,-4.679999828338623
1TLR_A_20,G,20,5.263999938964844,-3.6679999828338623,-4.60699987411499
1TLR_A_21,G,21,6.02899980545044,-8.836999893188477,-3.066999912261963
1TLR_A_22,C,22,3.6410000324249268,-13.809000015258787,-1.7309999465942385
1TLR_A_23,C,23,-0.9419999718666076,-17.445999145507812,-2.115999937057495
1VOP_A_1,G,1,5.234000205993652,-13.428000450134276,3.882999897003174
1VOP_A_2,A,2,6.560999870300293,-10.795000076293944,-0.5070000290870667
1VOP_A_3,C,3,5.21999979019165,-7.583000183105469,-4.689000129699707
1VOP_A_4,U,4,2.681999921798706,-3.1530001163482666,-6.567999839782715
1VOP_A_5,G,5,1.6579999923706057,1.4789999723434448,-5.333000183105469
1VOP_A_6,G,6,-0.3519999980926513,7.367000102996826,-5.916999816894531
1VOP_A_7,G,7,-5.084000110626222,7.453999996185303,-5.35699987411499
1VOP_A_8,G,8,-8.342000007629395,-0.1120000034570694,-5.2290000915527335
1VOP_A_9,C,9,-4.815000057220459,-1.465999960899353,0.5580000281333923
1VOP_A_10,G,10,-6.834000110626222,-4.189000129699707,-1.621999979019165
1VOP_A_11,G,11,-5.763999938964844,-7.421999931335449,-5.448999881744385
1VOP_A_12,U,12,-2.437999963760376,-11.262999534606935,-7.306000232696532
1VOP_A_13,C,13,1.055999994277954,-15.527999877929688,-6.4629998207092285
1AQO_A_1,G,1,-13.331000328063965,-20.733999252319336,8.234000205993652
1AQO_A_2,G,2,-19.261999130249023,-18.97800064086914,7.97100019454956
1AQO_A_3,A,3,-22.80200004577637,-14.967000007629395,6.954999923706055
1AQO_A_4,G,4,-25.381999969482425,-10.41100025177002,6.885000228881836
1AQO_A_5,U,5,-26.035999298095703,-5.48199987411499,5.829999923706055
1AQO_A_6,G,6,-28.524999618530284,-2.0829999446868896,1.2039999961853027
1AQO_A_7,C,7,-30.96500015258789,-1.1970000267028809,-4.026000022888184
1AQO_A_8,U,8,-27.20199966430664,3.9809999465942383,-6.198999881744385
1AQO_A_9,U,9,-25.70199966430664,2.578000068664551,-10.354000091552734
1AQO_A_10,C,10,-24.56999969482422,-0.6710000038146973,-15.93299961090088
1AQO_A_11,A,11,-25.11100006103516,-4.750999927520752,-18.966999053955078
1AQO_A_12,A,12,-27.565000534057614,-10.20199966430664,-20.452999114990234
1AQO_A_13,C,13,-31.77700042724609,-12.291999816894533,-20.90999984741211
1AQO_A_14,A,14,-37.95100021362305,-11.126999855041504,-20.900999069213867
1AQO_A_15,G,15,-38.48899841308594,-5.513000011444092,-21.027999877929688
1AQO_A_16,U,16,-38.91299819946289,-4.695000171661377,-16.267999649047848
1AQO_A_17,G,17,-38.40299987792969,-9.44499969482422,-13.270000457763672
1AQO_A_18,C,18,-39.11199951171875,-14.520000457763672,-12.847999572753904
1AQO_A_19,U,19,-33.30500030517578,-13.776000022888185,-13.277999877929688
1AQO_A_20,U,20,-27.81100082397461,-12.470000267028807,-12.736000061035154
1AQO_A_21,G,21,-23.55699920654297,-10.288999557495117,-11.934000015258787
1AQO_A_22,G,22,-19.42300033569336,-5.322000026702881,-12.104999542236328
1AQO_A_23,A,23,-18.83099937438965,-1.7070000171661377,-8.802000045776367
1AQO_A_24,C,24,-20.28499984741211,1.2960000038146973,-4.559999942779541
1AQO_A_25,G,25,-21.26799964904785,1.27400004863739,0.7960000038146973
1AQO_A_26,C,26,-21.10300064086914,-1.1169999837875366,6.139999866485597
1AQO_A_27,U,27,-20.52899932861328,-5.269999980926514,10.234999656677246
1AQO_A_28,C,28,-20.358999252319336,-9.583999633789062,12.4350004196167
1AQO_A_29,C,29,-19.839000701904297,-15.371999740600586,12.795000076293945
1ATV_A_1,G,1,-8.894000053405762,-4.4089999198913565,-10.746000289916992
1ATV_A_2,G,2,-6.243000030517577,-2.6010000705718994,-5.665999889373778
1ATV_A_3,G,3,-4.453999996185303,1.4769999980926514,-3.634000062942505
1ATV_A_4,A,4,-3.7060000896453857,6.7709999084472665,-3.1710000038146973
1ATV_A_5,C,5,-5.605000019073486,11.265999794006348,-4.386000156402588
1ATV_A_6,C,6,-10.152999877929688,15.611000061035154,-4.803999900817871
1ATV_A_7,A,7,-13.105999946594238,13.282999992370605,-0.25799998641014105
1ATV_A_8,G,8,-18.691999435424805,13.916999816894533,2.003999948501587
1ATV_A_9,A,9,-18.386999130249023,9.458999633789062,0.7789999842643738
1ATV_A_10,A,10,-19.13800048828125,9.772000312805176,-4.060999870300293
1ATV_A_11,G,11,-17.899999618530273,9.965999603271484,-9.050000190734863
1ATV_A_12,G,12,-13.729000091552734,10.251999855041504,-10.916999816894533
1ATV_A_13,U,13,-8.126999855041504,10.678999900817873,-12.065999984741213
1ATV_A_14,C,14,-3.609999895095825,8.60200023651123,-11.375
1ATV_A_15,C,15,0.0590000003576278,4.73799991607666,-9.940999984741213
1ATV_A_16,C,16,0.5839999914169312,-0.0820000022649765,-9.609000205993652
1ATV_A_17,G,17,1.4240000247955322,-1.7929999828338623,-15.508000373840332
1ATW_A_1,G,1,5.834000110626222,7.289000034332275,-2.625999927520752
1ATW_A_2,C,2,6.939000129699707,3.1970000267028813,0.1560000032186508
1ATW_A_3,U,3,9.649999618530273,-1.4509999752044678,1.465999960899353
1ATW_A_4,C,4,14.385000228881836,-4.11899995803833,0.8610000014305115
1ATW_A_5,C,5,19.208999633789066,-3.9609999656677246,-0.5569999814033508
1ATW_A_6,A,6,20.707000732421875,-2.553999900817871,4.510000228881836
1ATW_A_7,G,7,22.95499992370605,4.633999824523926,3.5720000267028813
1ATW_A_8,A,8,24.11599922180176,9.053000450134276,0.1449999958276748
1ATW_A_9,U,9,21.69099998474121,10.609000205993652,-3.6500000953674316
1ATW_A_10,G,10,20.819000244140625,4.692999839782715,-6.23799991607666
1ATW_A_11,G,11,18.89699935913086,-0.4059999883174896,-7.929999828338622
1ATW_A_12,A,12,14.85200023651123,-3.9260001182556152,-7.4790000915527335
1ATW_A_13,G,13,9.65999984741211,-4.8540000915527335,-6.0380001068115225
1ATW_A_14,C,14,4.39300012588501,-2.9860000610351562,-5.005000114440918
1ATW_A_15,G,15,0.4339999854564667,1.0190000534057615,-7.7870001792907715
